﻿<?xml version="1.0" encoding="utf-8" ?> 
<Templates>
  
  <TransactionType Name="sale">
    
     <TenderType Name ="Credit">
        <EntryMode Name="Manual"><JetPay xmlns:xsd="http://www.w3.org/2001/XMLSchema" xmlns:xsi="http://www.w3.org/2001/XMLSchema-instance" Version="3.0">  <TransactionType>SALE</TransactionType>  <TerminalID>TESTAUTO0001</TerminalID>  <TransactionID>437535681080788224</TransactionID>  <BatchID>0</BatchID>  <TotalAmount>100</TotalAmount>  <Billing>    <Name>Automation</Name>    <Country>USA</Country>  </Billing>  <UDField1>0000002</UDField1>  <ReaderUsed>KEYPAD</ReaderUsed>  <IndustryInfo Type="ECOMMERCE">    <ServerID>1</ServerID>    <BaseAmount>100</BaseAmount>  </IndustryInfo>  <Gateway>JetPay</Gateway>  <Application Version="236.0">Connected Payments</Application>  <Library Version="1.5">VirtPOS SDK</Library>  <Device Version="7.0.0">PIN,Manual,MSR,EMV,MSD,EMVC,ATD</Device>  <DeveloperID>JetPay</DeveloperID>  <LaneID>1</LaneID>  <CardNum>4077141021751302</CardNum>  <CardExpMonth>07</CardExpMonth>  <CardExpYear>25</CardExpYear></JetPay></EntryMode>
        <EntryMode Name="Swiped"><JetPay xmlns:xsd="http://www.w3.org/2001/XMLSchema" xmlns:xsi="http://www.w3.org/2001/XMLSchema-instance" Version="3.0">  <TransactionType>SALE</TransactionType>  <TerminalID>TESTAUTO0001</TerminalID>  <TransactionID>101023758529230839</TransactionID>  <BatchID>0</BatchID>  <TotalAmount>100</TotalAmount>  <Billing>    <Name>Automation</Name>    <Country>USA</Country>  </Billing>  <UDField1>0000002</UDField1>  <Origin>POS</Origin>  <ReaderUsed>MAGNETIC STRIPE</ReaderUsed>  <IndustryInfo Type="RETAIL">    <ServerID>1</ServerID>    <BaseAmount>100</BaseAmount>  </IndustryInfo>  <Gateway>JetPay</Gateway>  <Application Version="236.0">Connected Payments</Application>  <Library Version="1.5">VirtPOS SDK</Library>  <Device Version="7.0.0">PIN,Manual,MSR,EMV,MSD,EMVC,ATD</Device>  <DeveloperID>JetPay</DeveloperID>  <LaneID>1</LaneID>  <Track2>371449635398431=491200000012</Track2></JetPay></EntryMode>
        <EntryMode Name="EMV"><JetPay xmlns:xsd="http://www.w3.org/2001/XMLSchema" xmlns:xsi="http://www.w3.org/2001/XMLSchema-instance" Version="3.0">  <TransactionType>SALE</TransactionType>  <TerminalID>TESTAUTO0001</TerminalID>  <TransactionID>847948761027282432</TransactionID>  <BatchID>0</BatchID>  <TotalAmount>100</TotalAmount>  <Billing>    <Name>Automation</Name>    <Country>USA</Country>  </Billing>  <UDField1>0000002</UDField1>  <Origin>POS</Origin>  <ReaderUsed>CHIP</ReaderUsed>  <IndustryInfo Type="RETAIL">    <ServerID>1</ServerID>    <BaseAmount>100</BaseAmount>  </IndustryInfo>  <Gateway>JetPay</Gateway>  <Application Version="236.0">Connected Payments</Application>  <Library Version="1.5">VirtPOS SDK</Library>  <Device Version="7.0.0">PIN,Manual,MSR,EMV,MSD,EMVC,ATD</Device>  <DeveloperID>JetPay</DeveloperID>  <LaneID>1</LaneID>  <Verification>    <PINBlock>3A7715A24D172724</PINBlock>    <KSN>5058501002A00001</KSN>    <ICC>      <AIP>7900</AIP>      <DFName>A0000000041010</DFName>      <AID>A0000000041010</AID>      <IFDSerialNum>01074652</IFDSerialNum>      <TVR>0000048000</TVR>      <TransDate>181219</TransDate>      <TransType>00</TransType>      <CurrencyCode>0840</CurrencyCode>      <TransSeqNum>00000066</TransSeqNum>      <AuthorizedAmount>000000004000</AuthorizedAmount>      <OtherAmount>000000000000</OtherAmount>      <TermAppVer>0002</TermAppVer>      <IssuerAppData>0210A0400F240000000000000000000000FF</IssuerAppData>      <TermCountryCode>0840</TermCountryCode>      <TransTime>140754</TransTime>      <ARQC>9EB344A0F740FE0A</ARQC>      <CryptInfoData>80</CryptInfoData>      <TermCapCode>E0F8C8</TermCapCode>      <CVMResult>420300</CVMResult>      <TermType>22</TermType>      <ATC>0008</ATC>      <UnpredictableNumber>5041B73F</UnpredictableNumber>      <AppUsageControl>FF00</AppUsageControl>      <TransCategoryCode>46</TransCategoryCode>    </ICC>  </Verification>  <EMVKernel>700</EMVKernel>  <Debit></Debit>  <Track2>5413330089020508=25122010727005691234</Track2></JetPay></EntryMode>
        <EntryMode Name="RFID"><JetPay xmlns:xsd="http://www.w3.org/2001/XMLSchema" xmlns:xsi="http://www.w3.org/2001/XMLSchema-instance" Version="3.0">  <TransactionType>SALE</TransactionType>  <TerminalID>TESTAUTO0001</TerminalID>  <TransactionID>662479224457628672</TransactionID>  <BatchID>0</BatchID>  <TotalAmount>100</TotalAmount>  <Billing>    <Name>Automation</Name>    <Country>USA</Country>  </Billing>  <UDField1>0000002</UDField1>  <Origin>POS</Origin>  <ReaderUsed>CONTACTLESS MS</ReaderUsed>  <IndustryInfo Type="RETAIL">    <ServerID>1</ServerID>    <BaseAmount>100</BaseAmount>  </IndustryInfo>  <Gateway>JetPay</Gateway>  <Application Version="236.0">Connected Payments</Application>  <Library Version="1.5">VirtPOS SDK</Library>  <Device Version="7.0.0">PIN,Manual,MSR,EMV,MSD,EMVC,ATD</Device>  <DeveloperID>JetPay</DeveloperID>  <LaneID>1</LaneID>  <Track2>5405670000000018=25121010952300000000</Track2></JetPay></EntryMode>
     </TenderType>    
    <TenderType Name ="Debit">        
        <EntryMode Name="Swiped"><JetPay xmlns:xsd="http://www.w3.org/2001/XMLSchema" xmlns:xsi="http://www.w3.org/2001/XMLSchema-instance" Version="3.0">  <TransactionType>SALE</TransactionType>  <TerminalID>TESTAUTO0001</TerminalID>  <TransactionID>777069378633550080</TransactionID>  <BatchID>0</BatchID>  <TotalAmount>100</TotalAmount>  <Billing>    <Name>Automation</Name>    <Country>USA</Country>  </Billing>  <UDField1>0000002</UDField1>  <Origin>POS</Origin>  <ReaderUsed>MAGNETIC STRIPE</ReaderUsed>  <IndustryInfo Type="RETAIL">    <ServerID>1</ServerID>    <BaseAmount>100</BaseAmount>  </IndustryInfo>  <Gateway>JetPay</Gateway>  <Application Version="236.0">Connected Payments</Application>  <Library Version="1.5">VirtPOS SDK</Library>  <Device Version="7.0.0">PIN,Manual,MSR,EMV,MSD,EMVC,ATD</Device>  <DeveloperID>JetPay</DeveloperID>  <LaneID>1</LaneID>  <Track2>5121212121212124=2212101876234567</Track2>  <Debit Type="DIRECT"></Debit>  <Verification>    <PINBlock Encoding="HEX">9408803b7e741755</PINBlock>    <KSN>5058501002A00001</KSN>  </Verification></JetPay></EntryMode>
        <EntryMode Name="EMV"><JetPay xmlns:xsd="http://www.w3.org/2001/XMLSchema" xmlns:xsi="http://www.w3.org/2001/XMLSchema-instance" Version="3.0">  <TransactionType>SALE</TransactionType>  <TerminalID>TESTAUTO0001</TerminalID>  <TransactionID>765153753508419584</TransactionID>  <BatchID>0</BatchID>  <TotalAmount>100</TotalAmount>  <Billing>    <Name>Automation</Name>    <Country>USA</Country>  </Billing>  <UDField1>0000002</UDField1>  <Origin>POS</Origin>  <ReaderUsed>CHIP</ReaderUsed>  <IndustryInfo Type="RETAIL">    <ServerID>1</ServerID>    <BaseAmount>100</BaseAmount>  </IndustryInfo>  <Gateway>JetPay</Gateway>  <Application Version="236.0">Connected Payments</Application>  <Library Version="1.5">VirtPOS SDK</Library>  <Device Version="7.0.0">PIN,Manual,MSR,EMV,MSD,EMVC,ATD</Device>  <DeveloperID>JetPay</DeveloperID>  <LaneID>1</LaneID>  <Track2>4761739001010176=22012011483594900029</Track2>  <Debit Type="DIRECT"></Debit>  <Verification>    <PINBlock Encoding="HEX">B68927E4055DD8FD</PINBlock>    <KSN>5058501002A00001</KSN>    <ICC>      <AIP>1800</AIP>      <DFName>A0000000980840</DFName>      <CardSeqNum>01</CardSeqNum>      <AID>A0000000980840</AID>      <IFDSerialNum>27634170</IFDSerialNum>      <TVR>8000048000</TVR>      <TransDate>200429</TransDate>      <TransType>00</TransType>      <CurrencyCode>0840</CurrencyCode>      <TransSeqNum>00000645</TransSeqNum>      <AuthorizedAmount>000000000500</AuthorizedAmount>      <OtherAmount>000000000000</OtherAmount>      <TermAppVer>0096</TermAppVer>      <IssuerAppData>06010A03A03000</IssuerAppData>      <TermCountryCode>0840</TermCountryCode>      <TransTime>121413</TransTime>      <ARQC>E64DF751C57527B1</ARQC>      <CryptInfoData>80</CryptInfoData>      <TermCapCode>E0F8C8</TermCapCode>      <CVMResult>420000</CVMResult>      <TermType>22</TermType>      <ATC>0006</ATC>      <UnpredictableNumber>4781C0F3</UnpredictableNumber>    </ICC>  </Verification>  <EMVKernel>700</EMVKernel></JetPay></EntryMode>
        <EntryMode Name="RFID"><JetPay xmlns:xsd="http://www.w3.org/2001/XMLSchema" xmlns:xsi="http://www.w3.org/2001/XMLSchema-instance" Version="3.0">  <TransactionType>SALE</TransactionType>  <TerminalID>TESTAUTO0001</TerminalID>  <TransactionID>590940821213154496</TransactionID>  <BatchID>0</BatchID>  <TotalAmount>100</TotalAmount>  <Billing>    <Name>Automation</Name>    <Country>USA</Country>  </Billing>  <UDField1>0000002</UDField1>  <Origin>POS</Origin>  <ReaderUsed>CONTACTLESS MS</ReaderUsed>  <IndustryInfo Type="RETAIL">    <ServerID>1</ServerID>    <BaseAmount>100</BaseAmount>  </IndustryInfo>  <Gateway>JetPay</Gateway>  <Application Version="236.0">Connected Payments</Application>  <Library Version="1.5">VirtPOS SDK</Library>  <Device Version="7.0.0">PIN,Manual,MSR,EMV,MSD,EMVC,ATD</Device>  <DeveloperID>JetPay</DeveloperID>  <LaneID>1</LaneID>  <Track2>4011190070070071=491012345678911</Track2>  <Debit Type="DIRECT"></Debit>  <Verification>    <PINBlock Encoding="BASE64">8BAC3659E9444DBE</PINBlock>    <KSN>5058501002A00001</KSN>  </Verification></JetPay></EntryMode>
    </TenderType>
    
  </TransactionType>

  <TransactionType Name="Presale">
     <TenderType Name ="Credit">
        <EntryMode Name="Manual"><JetPay xmlns:xsd="http://www.w3.org/2001/XMLSchema" xmlns:xsi="http://www.w3.org/2001/XMLSchema-instance" Version="3.0">  <TransactionType>PRESALE</TransactionType>  <TerminalID>TESTAUTO0001</TerminalID>  <TransactionID>268890578424972768</TransactionID>  <BatchID>0</BatchID>  <TotalAmount>300</TotalAmount>  <Billing>    <Name>Automation</Name>    <Country>USA</Country>  </Billing>  <UDField1>0000002</UDField1>  <Origin>POS</Origin>  <ReaderUsed>KEYPAD</ReaderUsed>  <IndustryInfo Type="RETAIL">    <ServerID>1</ServerID>    <BaseAmount>200</BaseAmount>    <TipAmount>100</TipAmount>  </IndustryInfo>  <Gateway>JetPay</Gateway>  <Application Version="236.0">Connected Payments</Application>  <Library Version="1.5">VirtPOS SDK</Library>  <Device Version="7.0.0">PIN,Manual,MSR,EMV,MSD,EMVC,ATD</Device>  <DeveloperID>JetPay</DeveloperID>  <LaneID>1</LaneID>  <CardNum>371449635398431</CardNum>  <CardExpMonth>12</CardExpMonth>  <CardExpYear>25</CardExpYear></JetPay></EntryMode>
     </TenderType>
  </TransactionType>
  
  <TransactionType Name="ACH">
     <TenderType Name ="Check">
        <EntryMode Name="Manual"><JetPay xmlns:xsd="http://www.w3.org/2001/XMLSchema" xmlns:xsi="http://www.w3.org/2001/XMLSchema-instance" Version="3.0">  <TransactionType>CHECK</TransactionType>  <TerminalID>TESTAUTO0001</TerminalID>  <TransactionID>818317802072650752</TransactionID>  <CardName>Mickey Mouse</CardName>  <TotalAmount>1000</TotalAmount>  <FeeAmount>100</FeeAmount>  <ACH Type="SAVINGS" SEC="PPD">    <AccountNumber>12345678</AccountNumber>    <ABA>322271627</ABA>    <CheckNumber>1234</CheckNumber>  </ACH>  <Application Version="236.0">Connected Payments</Application>  <Device Version="7.0.0">PIN,Manual,MSR,EMV,MSD,EMVC,ATD</Device>  <Library Version="1.5">VirtPOS SDK</Library>  <Gateway>JetPay</Gateway>  <DeveloperID>JetPay</DeveloperID></JetPay></EntryMode>
     </TenderType>
  </TransactionType>
  
  <TransactionType Name="Auth">
     <TenderType Name ="Credit">
        <EntryMode Name="Manual"><JetPay xmlns:xsd="http://www.w3.org/2001/XMLSchema" xmlns:xsi="http://www.w3.org/2001/XMLSchema-instance" Version="3.0">  <TransactionType>AUTHONLY</TransactionType>  <TerminalID>TESTAUTO0001</TerminalID>  <TransactionID>972263415284577408</TransactionID>  <BatchID>0</BatchID>  <TotalAmount>100</TotalAmount>  <Billing>    <Name>Automation</Name>    <Country>USA</Country>  </Billing>  <ReaderUsed>KEYPAD</ReaderUsed>  <IndustryInfo Type="ECOMMERCE">    <ServerID>1</ServerID>    <BaseAmount>100</BaseAmount>  </IndustryInfo>  <Gateway>JetPay</Gateway>  <Application Version="236.0">Connected Payments</Application>  <Library Version="1.5">VirtPOS SDK</Library>  <Device Version="7.0.0">PIN,Manual,MSR,EMV,MSD,EMVC,ATD</Device>  <DeveloperID>JetPay</DeveloperID>  <LaneID>1</LaneID>  <CardNum>5341236770820006</CardNum>  <CardExpMonth>12</CardExpMonth>  <CardExpYear>25</CardExpYear></JetPay></EntryMode>
        <EntryMode Name="Swiped"><JetPay xmlns:xsd="http://www.w3.org/2001/XMLSchema" xmlns:xsi="http://www.w3.org/2001/XMLSchema-instance" Version="3.0">  <TransactionType>AUTHONLY</TransactionType>  <TerminalID>TESTAUTO0001</TerminalID>  <TransactionID>752403229639121920</TransactionID>  <BatchID>0</BatchID>  <TotalAmount>100</TotalAmount>  <Billing>    <Name>Automation</Name>    <Country>USA</Country>  </Billing>  <Origin>POS</Origin>  <ReaderUsed>MAGNETIC STRIPE</ReaderUsed>  <IndustryInfo Type="RETAIL">    <ServerID>1</ServerID>    <BaseAmount>100</BaseAmount>  </IndustryInfo>  <Gateway>JetPay</Gateway>  <Application Version="236.0">Connected Payments</Application>  <Library Version="1.5">VirtPOS SDK</Library>  <Device Version="7.0.0">PIN,Manual,MSR,EMV,MSD,EMVC,ATD</Device>  <DeveloperID>JetPay</DeveloperID>  <LaneID>1</LaneID>  <Track2>371449635398431=491200000012</Track2></JetPay></EntryMode>
        <EntryMode Name="EMV"><JetPay xmlns:xsd="http://www.w3.org/2001/XMLSchema" xmlns:xsi="http://www.w3.org/2001/XMLSchema-instance" Version="3.0">  <TransactionType>AUTHONLY</TransactionType>  <TerminalID>TESTAUTO0001</TerminalID>  <TransactionID>358952569430206240</TransactionID>  <BatchID>0</BatchID>  <TotalAmount>100</TotalAmount>  <Billing>    <Name>Automation</Name>    <Country>USA</Country>  </Billing>  <Origin>POS</Origin>  <ReaderUsed>CHIP</ReaderUsed>  <IndustryInfo Type="RETAIL">    <ServerID>1</ServerID>    <BaseAmount>100</BaseAmount>  </IndustryInfo>  <Gateway>JetPay</Gateway>  <Application Version="236.0">Connected Payments</Application>  <Library Version="1.5">VirtPOS SDK</Library>  <Device Version="7.0.0">PIN,Manual,MSR,EMV,MSD,EMVC,ATD</Device>  <DeveloperID>JetPay</DeveloperID>  <LaneID>1</LaneID>  <Verification>    <PINBlock>3A7715A24D172724</PINBlock>    <KSN>5058501002A00001</KSN>    <ICC>      <AIP>7900</AIP>      <DFName>A0000000041010</DFName>      <AID>A0000000041010</AID>      <IFDSerialNum>01074652</IFDSerialNum>      <TVR>0000048000</TVR>      <TransDate>181219</TransDate>      <TransType>00</TransType>      <CurrencyCode>0840</CurrencyCode>      <TransSeqNum>00000066</TransSeqNum>      <AuthorizedAmount>000000004000</AuthorizedAmount>      <OtherAmount>000000000000</OtherAmount>      <TermAppVer>0002</TermAppVer>      <IssuerAppData>0210A0400F240000000000000000000000FF</IssuerAppData>      <TermCountryCode>0840</TermCountryCode>      <TransTime>140754</TransTime>      <ARQC>9EB344A0F740FE0A</ARQC>      <CryptInfoData>80</CryptInfoData>      <TermCapCode>E0F8C8</TermCapCode>      <CVMResult>420300</CVMResult>      <TermType>22</TermType>      <ATC>0008</ATC>      <UnpredictableNumber>5041B73F</UnpredictableNumber>      <AppUsageControl>FF00</AppUsageControl>      <TransCategoryCode>46</TransCategoryCode>    </ICC>  </Verification>  <EMVKernel>700</EMVKernel>  <Debit></Debit>  <Track2>5413330089020508=25122010727005691234</Track2></JetPay></EntryMode>
        <EntryMode Name="RFID"><JetPay xmlns:xsd="http://www.w3.org/2001/XMLSchema" xmlns:xsi="http://www.w3.org/2001/XMLSchema-instance" Version="3.0">  <TransactionType>AUTHONLY</TransactionType>  <TerminalID>TESTAUTO0001</TerminalID>  <TransactionID>570271091987505088</TransactionID>  <BatchID>0</BatchID>  <TotalAmount>100</TotalAmount>  <Billing>    <Name>Automation</Name>    <Country>USA</Country>  </Billing>  <Origin>POS</Origin>  <ReaderUsed>CONTACTLESS MS</ReaderUsed>  <IndustryInfo Type="RETAIL">    <ServerID>1</ServerID>    <BaseAmount>100</BaseAmount>  </IndustryInfo>  <Gateway>JetPay</Gateway>  <Application Version="236.0">Connected Payments</Application>  <Library Version="1.5">VirtPOS SDK</Library>  <Device Version="7.0.0">PIN,Manual,MSR,EMV,MSD,EMVC,ATD</Device>  <DeveloperID>JetPay</DeveloperID>  <LaneID>1</LaneID>  <Track2>5405670000000018=25121010952300000000</Track2></JetPay></EntryMode>
     </TenderType>
  </TransactionType>  
  
  <TransactionType Name="AuthFinal">
      <TenderType Name ="Credit">
          <EntryMode Name="Manual"><JetPay xmlns:xsd="http://www.w3.org/2001/XMLSchema" xmlns:xsi="http://www.w3.org/2001/XMLSchema-instance" Version="3.0">  <TransactionType>AUTHFINAL</TransactionType>  <TerminalID>TESTAUTO0001</TerminalID>  <TransactionID>513561928790790016</TransactionID>  <BatchID>0</BatchID>  <TotalAmount>100</TotalAmount>  <Billing>    <Name>Automation</Name>    <Country>USA</Country>  </Billing>  <Origin>POS</Origin>  <ReaderUsed>KEYPAD</ReaderUsed>  <IndustryInfo Type="RETAIL">    <ServerID>1</ServerID>    <BaseAmount>100</BaseAmount>  </IndustryInfo>  <Gateway>JetPay</Gateway>  <Application Version="236.0">Connected Payments</Application>  <Library Version="1.5">VirtPOS SDK</Library>  <Device Version="7.0.0">PIN,Manual,MSR,EMV,MSD,EMVC,ATD</Device>  <DeveloperID>JetPay</DeveloperID>  <LaneID>1</LaneID>  <CardNum>4077141021751302</CardNum>  <CardExpMonth>07</CardExpMonth>  <CardExpYear>25</CardExpYear></JetPay></EntryMode>
      </TenderType>
  </TransactionType>
  
  <TransactionType Name="AuthFinalCapture">
        <TenderType Name ="Credit">
          <EntryMode Name="Manual"><JetPay xmlns:xsd="http://www.w3.org/2001/XMLSchema" xmlns:xsi="http://www.w3.org/2001/XMLSchema-instance" Version="3.0">  <TransactionType>CAPT</TransactionType>  <TerminalID>TESTAUTO0001</TerminalID>  <TransactionID>700356614077629824</TransactionID>  <BatchID>0</BatchID>  <UniqueID>QnThRnTjRjPnRjQhUnUjScSi</UniqueID>  <Gateway>JetPay</Gateway>  <Application Version="236.0">Connected Payments</Application>  <Library Version="1.5">VirtPOS SDK</Library>  <Device Version="7.0.0">PIN,Manual,MSR,EMV,MSD,EMVC,ATD</Device>  <DeveloperID>JetPay</DeveloperID>  <LaneID>1</LaneID></JetPay></EntryMode>
        </TenderType>
  </TransactionType>
  
    <TransactionType Name="AuthOnlyCapture">
        <TenderType Name ="Credit">
          <EntryMode Name="Manual"><JetPay xmlns:xsd="http://www.w3.org/2001/XMLSchema" xmlns:xsi="http://www.w3.org/2001/XMLSchema-instance" Version="3.0">  <TransactionType>CAPT</TransactionType>  <TerminalID>TESTAUTO0001</TerminalID>  <TransactionID>700356614077629824</TransactionID>  <BatchID>0</BatchID>  <UniqueID>QnThRnTjRjPnRjQhUnUjScSi</UniqueID>  <Gateway>JetPay</Gateway>  <Application Version="236.0">Connected Payments</Application>  <Library Version="1.5">VirtPOS SDK</Library>  <Device Version="7.0.0">PIN,Manual,MSR,EMV,MSD,EMVC,ATD</Device>  <DeveloperID>JetPay</DeveloperID>  <LaneID>1</LaneID></JetPay></EntryMode>
        </TenderType>
  </TransactionType>
  
  <TransactionType Name="BatchRelease">
        <TenderType Name ="Settlements">
          <EntryMode Name="Manual"><JetPay xmlns:xsd="http://www.w3.org/2001/XMLSchema" xmlns:xsi="http://www.w3.org/2001/XMLSchema-instance" Version="3.0">  <TransactionType>BATCH RELEASE</TransactionType>  <TerminalID>TESTAUTO0001</TerminalID>  <TransactionID>212526738742611696</TransactionID>  <BatchID>12345</BatchID>  <Application Version="236.0">Connected Payments</Application>  <Library Version="1.5">VirtPOS SDK</Library>  <Device Version="7.0.0">PIN,Manual,MSR,EMV,MSD,EMVC,ATD</Device>  <Gateway>JetPay</Gateway>  <DeveloperID>JetPay</DeveloperID></JetPay></EntryMode>
        </TenderType>
  </TransactionType>
  
  <TransactionType Name="Seek">
        <TenderType Name ="Debit">
          <EntryMode Name="NoEntryMode"><JetPay xmlns:xsd="http://www.w3.org/2001/XMLSchema" xmlns:xsi="http://www.w3.org/2001/XMLSchema-instance" Version="3.0">  <TransactionType>SEEK</TransactionType>  <TerminalID>TESTTERM0000</TerminalID>  <TransactionID>380158211560993568</TransactionID>  <LookUp>    <Sources>      <BinTable>true</BinTable>    </Sources>    <Return>      <DebitCapable>true</DebitCapable>    </Return>    <ByCardNum>4011190070070071</ByCardNum>  </LookUp>  <Gateway>JetPay</Gateway>  <Application Version="236.0">Connected Payments</Application>  <Library Version="1.5">VirtPOS SDK</Library>  <Device Version="7.0.0">PIN,Manual,MSR,EMV,MSD,EMVC,ATD</Device>  <DeveloperID>JetPay</DeveloperID></JetPay></EntryMode>
        </TenderType>
  </TransactionType>
  
    <TransactionType Name="SaleVoid">
        <TenderType Name ="Credit">
          <EntryMode Name="Manual"><JetPay xmlns:xsd="http://www.w3.org/2001/XMLSchema" xmlns:xsi="http://www.w3.org/2001/XMLSchema-instance" Version="3.0">  <TransactionType>VOID</TransactionType>  <TerminalID>TESTAUTO0001</TerminalID>  <TransactionID>156073789371211920</TransactionID>  <BatchID>0</BatchID>  <TotalAmount>100</TotalAmount>  <UDField1>0000002</UDField1>  <IndustryInfo Type="RETAIL"></IndustryInfo>  <UniqueID>QnThRnTjRjPnRoQjScQjPkPb</UniqueID>  <Gateway>JetPay</Gateway>  <Application Version="236.0">Connected Payments</Application>  <Library Version="1.5">VirtPOS SDK</Library>  <Device Version="7.0.0">PIN,Manual,MSR,EMV,MSD,EMVC,ATD</Device>  <DeveloperID>JetPay</DeveloperID>  <LaneID>1</LaneID></JetPay></EntryMode>
        </TenderType>
  </TransactionType>
  
  <!--Transaction Type Credit means Return/Refund-->
      <TransactionType Name="Credit">
        <TenderType Name ="Credit">
          <EntryMode Name="Manual"><JetPay xmlns:xsd="http://www.w3.org/2001/XMLSchema" xmlns:xsi="http://www.w3.org/2001/XMLSchema-instance" Version="3.0">  <TransactionType>CREDIT</TransactionType>  <TerminalID>TESTAUTO0001</TerminalID>  <TransactionID>581509172255876032</TransactionID>  <BatchID>0</BatchID>  <TotalAmount>100</TotalAmount>  <Billing>    <Name>Automation</Name>    <Country>USA</Country>  </Billing>  <UDField1>0000002</UDField1>  <Origin>POS</Origin>  <ReaderUsed>KEYPAD</ReaderUsed>  <IndustryInfo Type="RETAIL">    <ServerID>1</ServerID>    <BaseAmount>100</BaseAmount>  </IndustryInfo>  <Gateway>JetPay</Gateway>  <Application Version="236.0">Connected Payments</Application>  <Library Version="1.5">VirtPOS SDK</Library>  <Device Version="7.0.0">PIN,Manual,MSR,EMV,MSD,EMVC,ATD</Device>  <DeveloperID>JetPay</DeveloperID>  <LaneID>1</LaneID>  <CardNum>371449635398431</CardNum>  <CardExpMonth>12</CardExpMonth>  <CardExpYear>25</CardExpYear></JetPay></EntryMode>
          <EntryMode Name=""></EntryMode>
          <EntryMode Name=""></EntryMode>
        </TenderType>
  </TransactionType>
  
  
</Templates>